Distributors,Address,zipcode,operating radius,operating districts
FrigorTec GmbH,"88279 Amtzell, Germany",88279,800,AhrweilerLand;Aichach_FriedbergLand;Alb_Donau_Land;AltenkirchenWesterwald;AltmarkSalzwedelLand
Rülke Kühlanlagen GmbH,"08056 Zwickau, Germany",8056,800,AltoettingLand;Alzey_WormsLand;Amberg;AmmerlandLand;Ansbach
Wärmetechnik Quedlinburg GmbH & Co. KG,"06484 Quedlinburg, Germany",6484,800,Aschaffenburg;Augsburg;AurichLand;BadDuerkheimLand;BadKissingenLand
Westfalia Wärmetechnik Heinrich Schröder GmbH,"32257 Bünde, Germany",32257,800,BadToelz_Wolfratshausen;Baden_BadenStadtStadt;Bamberg;BarnimLand;Bayreuth
Apollo Gößnitz GmbH,"04639 Gößnitz, Germany",4639,800,BerchtesgadenerLandLand;BergstraßeLand;Bernkastel_WittlichLand;BiberachLand;BielefeldStadt
Alfred Kaut GmbH & Co. Elektrizitäts Gesellschaft,"42277 Wuppertal, Germany",42277,800,BirkenfeldLand;BochumStadt;BoeblingenLand;BonnStadt;Borken
Otto Schatte GmbH,"23554 Lübeck, Germany",23554,800,BottropStadt;BrandenburganderHavel;BraunschweigStadt;BremenBundesland;BurgenlandLand
SCHRAG GmbH & CO. KG,"73061 Ebersbach an der Fils, Germany",73061,800,CalwLand;CelleLand;ChamLand;CloppenburgLand;Coburg
BLOOM ENGINEERING EUROPA GmbH,"40549 Düsseldorf, Germany",40549,800,Cochem_ZellLand;Coesfeld;CuxhavenLand;DachauLand;Dahme_SpreewaldLand
Dr. Kurt Korsing GmbH & Co. KG,"50739 Köln-Bilderstöckchen, Germany",50739,800,Darmstadt;DeggendorfLand;DelmenhorstStadt;DiepholzLand;Dillingena.d.DonauLand
Ing. Carl Friedmann GmbH + Co. KG,"92637 Weiden, Germany",92637,800,Dingolfing_LandauLand;Dithmarschen;DortmundStadt;Dueren;DuesseldorfStadt
Kältetechnik aircool GmbH,"81829 Munich, Germany",81829,800,DuisburgStadt;EbersbergLand;EichsfeldLand;EichstaettLand;EisenachStadt
SHK SYSTEM PLAN GmbH,"03044 Cottbus, Germany",3044,800,EmdenStadt;EmmendingenLand;EmslandLand;ErdingLand;Erlangen
SHL LEHMANN GmbH & CO KG,"72202 Nagold, Germany",72202,800,EssenStadt;EsslingenLand;Euskirchen;FlensburgStadt;ForchheimLand
A. Bernd Fronda Kälte Klima Schankanlagen und Großküchentechnik,"45659 Recklinghausen, Germany",45659,800,FrankfurtOderStadt;FreisingLand;FreudenstadtLand;Freyung_GrafenauLand;FrieslandLand
Abel Elektrotechnik GmbH & Co. KG,"84549 Engelsberg, Germany",84549,800,FuerstenfeldbruckLand;Fuerth;FuldaLand;Garmisch_PartenkirchenLand;GelsenkirchenStadt
ABR Erdwärme GmbH,"15738 Zeuthen, Germany",15738,800,GermersheimLand;GießenLand;GifhornLand;GoeppingenLand;Goettingen
Ahrens Solartechnik GmbH & Co. KG,"31675 Bückeburg, Germany",31675,800,GoslarLand;GothaLand;GrafschaftBentheimLand;GuenzburgLand;Guetersloh
Ahrensburger Zentralheizungsbau GmbH,"22926 Ahrensburg, Germany",22926,800,HagenStadt;HamburgBundesland;Hameln_PyrmontLand;HammStadt;HarburgLand
aihtec SOLAR UG,"06110 Halle, Germany",6110,800,HeidelbergStadtStadt;HeidenheimLand;HeilbronnLandLand;Heinsberg;HelmstedtLand
ait-deutschland GmbH,"95359 Kasendorf, Germany",95359,800,Herford;HerneStadt;Hersfeld_RotenburgLand;HerzogtumLauenburg;HildburghausenLand
Alb Kältetechnik GmbH,"72336 Balingen, Germany",72336,800,HildesheimLand;Hoexter;Hof;HolzmindenLand;Ingolstadt
ALBAN technische Anlagen GmbH,"35321 Laubach, Germany",35321,800,JerichowerLandLand;KarlsruheLandLand;Kaufbeuren;KelheimLand;KemptenAllgaeu
Alfons Weber GmbH,"40489 Düsseldorf, Germany",40489,800,KielLandeshauptstadt;KitzingenLand;Kleve;KoblenzStadt;KoelnStadt
Alois Mehlhart GmbH,"83209 Prien am Chiemsee, Germany",83209,400,KonstanzLand;KrefeldStadt;KronachLand;KulmbachLand;KuselLand
Alois Simon GmbH,"66424 Homburg, Germany",66424,400,LandsbergamLechLand;Landshut;LeerLand;LeverkusenStadt;LichtenfelsLand
Aloys Steffes Sanitär-Installation GmbH,"53859 Niederkassel-Mondorf, Germany",53859,400,Limburg_WeilburgLand;LindauBodenseeLand;Lippe;LoerrachLand;LudwigsburgLand
Alternative Energie Mielke,"25358 Horst (Holstein), Germany",25358,400,LudwigshafenamRheinStadt;Ludwigslust_Parchim;LuebeckHansestadt;Luechow_DannenbergLand;LueneburgLand
Alternative Technik Scherf GmbH,"03229 Altdöbern, Germany",3229,400,MagdeburgLandeshauptstadt;MannheimUniversitaetsstadt;Marburg_BiedenkopfLand;MecklenburgischeSeen;Memmingen
Jan Anders Bad & Heizungsbau - Meisterbetrieb,"02956 Rietschen, Germany",2956,400,Merzig_WadernLand;Mettmann;MiesbachLand;MiltenbergLand;Minden_Luebbecke
Andre Weick Innovative Haus und Umwelttechnik GmbH,"69168 Wiesloch, Germany",69168,400,MoenchengladbachStadt;MuensterStadt;Neuburg_Schrobenhausen;Neumarkti.d.OPf.Land;NeumuensterStadt
Andreas Krüger GmbH,"78224 Singen, Germany",78224,400,NeunkirchenLand;Neustadta.d.Aisch_BadW.;NeuwiedLand;NienburgWeserLand;Nordfriesland
Andreas Rudolf Meisterbetrieb,"95445 Bayreuth, Germany",95445,400,NordhausenLand;Nordwestmecklenburg;NortheimLand;Oberbergischer;OberhausenStadt
Anspach Sanitärservice,"56073 Koblenz, Germany",56073,400,OldenburgLand;Olpe;OsnabrueckLand;OsterholzLand;Ostholstein
API Energie- und Versorgungstechnik GmbH,"82166 Gräfelfing, Germany",82166,400,Paderborn;Passau;PeineLand;Pfaffenhofena.d.IlmLand;PforzheimStadtStadt
APPEL GmbH,"69181 Leimen, Germany",69181,400,Pinneberg;PirmasensStadt;Ploen;PotsdamStadt;RastattLand
Aqua-Solar,"64385 Reichelsheim, Germany",64385,400,RavensburgLand;Recklinghausen;RegenLand;Regensburg;RegionHannoverLand
Aust + Hartmann GmbH & Co.KG,"23996 Niendorf, Germany",23996,400,RegionalverbandSaarbruecken;Rems_Murr_Land;RemscheidStadt;Rendsburg_Eckernfoerde;ReutlingenLand
Autenrieth + Wehner GmbH,"36037 Fulda, Germany",36037,400,Rhein_Erft_;Rhein_Neuss;Rhein_Sieg_;Rheingau_Taunus_Land;Rosenheim
B. Hahn,"95119 Naila OT Marlesreuth, Germany",95119,400,Rostock;RotenburgWuemmeLand;RothLand;RottweilLand;SaaleLand
bad&heizung Griesche GmbH,"01558 Großenhain, Germany",1558,400,SaarlouisLand;SalzgitterStadt;SchaumburgLand;Schmalkalden_Meiningen;Schwabach
Baldur Weid,"56479 Rehe/Westerwald, Germany",56479,400,SchwandorfLand;Schweinfurt;Segeberg;Siegen_Wittgenstein;SigmaringenLand
Beck GmbH & Co KG,"40721 Hilden, Germany",40721,400,SoemmerdaLand;Soest;SolingenStadt;Soltau_FallingbostelLand;SonnebergLand
Becker GmbH,"67307 Göllheim, Germany",67307,400,SpeyerStadt;StadeLand;StaedteregionAachen;StarnbergLand;Steinburg
Beckers Regeltechnik GmbH,"47506 Neukirchen-Vluyn, Germany",47506,400,Steinfurt;StendalLand;Straubing;StuttgartLandeshauptstadt;SuhlStadt
Beckmann GmbH,"24941 Flensburg, Germany",24941,400,Teltow_FlaemingLand;TirschenreuthLand;TraunsteinLand;TrierStadt;TuebingenLand
Berna Kühlanlagen GmbH,"08058 Zwickau, Germany",8058,400,TuttlingenLand;UelzenLand;Unna;VechtaLand;VerdenLand
Bernd Elsner Sanitär & Heizungstechnik,"14774 Brandenburg an der Havel, Germany",14774,400,Viersen;Vorpommern_Greifswald;Waldeck_FrankenbergLand;Warendorf;WartburgLand
Bernd Krämer Heizung-Elektro-Sanitär,"09116 Chemnitz, Germany",9116,400,Weilheim_SchongauLand;WeimarStadt;Weißenburg_Gunzenhausen;Wesel;WesermarschLand
Bernhard Roll GmbH,"14167 Berlin, Germany",14167,400,WesterwaldLand;WilhelmshavenStadt;WittenbergLand;WittmundLand;WolfenbuettelLand
Bernhard Werner GmbH,"42327 Wuppertal, Germany",42327,400,WolfsburgStadt;Wunsiedeli.Fichtelgebirge;WuppertalStadt;ZweibrueckenStadt
Berthold Herzog,"63814 Mainaschaff, Germany",63814,400,AhrweilerLand;Aichach_FriedbergLand;Alb_Donau_Land;AltenburgerLandLand;AltenkirchenWesterwald
BERUS Energietechnik e.K.,"88069 Tettnang, Germany",88069,400,AhrweilerLand;Aichach_FriedbergLand;Alb_Donau_Land;AltoettingLand;Alzey_WormsLand
BEY ELMAR GmbH & CO. KG,"64319 Pfungstadt, Germany",64319,400,AhrweilerLand;Aichach_FriedbergLand;Alb_Donau_Land;AltenburgerLandLand;AltenkirchenWesterwald
BIERTHER HEIZUNGSANLAGEN GmbH,"69126 Heidelberg, Germany",69126,400,AhrweilerLand;Aichach_FriedbergLand;Alb_Donau_Land;AltenkirchenWesterwald;Alzey_WormsLand
Blaffert Heizsysteme GmbH,"39524 Schönhausen, Germany",39524,400,AltenburgerLandLand;AltmarkSalzwedelLand;AmmerlandLand;Anhalt_BitterfeldLand;BarnimLand
Blatzheim & Sohn GmbH,"52372 Kreuzau, Germany",52372,400,AhrweilerLand;AltenkirchenWesterwald;Alzey_WormsLand;AmmerlandLand;Aschaffenburg
"boden & grundwasser, Dr. Jörg Danzer Dipl. Geoökologe","87527 Sonthofen, Germany",87527,400,Aichach_FriedbergLand;Alb_Donau_Land;AltoettingLand;Alzey_WormsLand;Amberg
Böhm GmbH,"04416 Markkleeberg, Germany",4416,400,AltenburgerLandLand;AltmarkSalzwedelLand;Amberg;Anhalt_BitterfeldLand;Ansbach
Börner + Co KG,"85053 Ingolstadt, Germany",85053,400,AhrweilerLand;Aichach_FriedbergLand;Alb_Donau_Land;AltenburgerLandLand;AltoettingLand
BRENNER GmbH - Beste Heizungs- & Elektro-Technologie,"71229 Leonberg - Höfingen, Germany",71229,400,AhrweilerLand;Aichach_FriedbergLand;Alb_Donau_Land;AltenkirchenWesterwald;AltoettingLand
Bruch Kälte und Klimatechnik,"42369 Wuppertal, Germany",42369,400,AhrweilerLand;AltenkirchenWesterwald;AltmarkSalzwedelLand;Alzey_WormsLand;AmmerlandLand
Budde GmbH und Co. KG,"30974 Wennigsen (Deister), Germany",30974,400,AhrweilerLand;AltenburgerLandLand;AltenkirchenWesterwald;AltmarkSalzwedelLand;AmmerlandLand
Bühr Lufttechnik GmbH,"70839 Gerlingen, Germany",70839,400,AhrweilerLand;Aichach_FriedbergLand;Alb_Donau_Land;AltenkirchenWesterwald;AltoettingLand
BURY Haustechnik GmbH,"79241 Ihringen, Germany",79241,400,AhrweilerLand;Aichach_FriedbergLand;Alb_Donau_Land;AltenkirchenWesterwald;Alzey_WormsLand
Butscher GmbH,"87471 Durach, Germany",87471,400,AhrweilerLand;Aichach_FriedbergLand;Alb_Donau_Land;AltoettingLand;Alzey_WormsLand
caldoa GmbH,"88046 Friedrichshafen, Germany",88046,400,AhrweilerLand;Aichach_FriedbergLand;Alb_Donau_Land;AltoettingLand;Alzey_WormsLand
Christoph Rechkemmer GmbH,"66292 Riegelsberg, Germany",66292,400,AhrweilerLand;Aichach_FriedbergLand;Alb_Donau_Land;AltenkirchenWesterwald;Alzey_WormsLand
Claus Grammerstorf Inh. Peter Marquardt e.K.,"23669 Timmendorfer Strand, Germany",23669,400,AltmarkSalzwedelLand;AmmerlandLand;AurichLand;BarnimLand;BielefeldStadt
CLIVENT Umwelttechnik,"78166 Donaueschingen, Germany",78166,200,Baden_BadenStadtStadt;BiberachLand;BirkenfeldLand;BoeblingenLand
ColdTec Kälte-Klima-Wärmepumpentechnik GmbH,"32602 Vlotho, Germany",32602,200,BielefeldStadt;BochumStadt;BottropStadt;BraunschweigStadt;BremenBundesland
Cooljoy GmbH & Co. KG,"51399 Burscheid, Germany",51399,200,AhrweilerLand;AltenkirchenWesterwald;Bernkastel_WittlichLand;BielefeldStadt;BochumStadt
COOLTHERM Kälteanlagen und Wärmepumpen GmbH,"63755 Alzenau, Germany",63755,200,AhrweilerLand;AltenkirchenWesterwald;Alzey_WormsLand;Aschaffenburg;BadDuerkheimLand
Cramer Klimatechnik Inh. Dipl.-Ing. Heinz Herbert ScheiffarthHeinz-Herbert Scheiffarth,"42107 Wuppertal, Germany",42107,200,AltenkirchenWesterwald;Bernkastel_WittlichLand;BielefeldStadt;BochumStadt;BonnStadt
Cube Ingenieurunion GmbH,"67549 Worms, Germany",67549,200,AhrweilerLand;AltenkirchenWesterwald;Alzey_WormsLand;Aschaffenburg;BadDuerkheimLand
"Dages, Huber & Schildbach OHG","87675 Stötten a. Auerberg, Germany",87675,200,Aichach_FriedbergLand;Alb_Donau_Land;Augsburg;BadToelz_Wolfratshausen;BergstraßeLand
Daschner GmbH,"47169 Duisburg, Germany",47169,200,AltenkirchenWesterwald;BielefeldStadt;BochumStadt;BonnStadt;Borken
DIAMANT Heiz- und Klimasysteme GmbH,"73635 Rudersberg, Germany",73635,200,Aichach_FriedbergLand;Alb_Donau_Land;Alzey_WormsLand;Ansbach;Aschaffenburg
Dipl.-Ing. (FH) Ingo Jürgena,"26639 Wiesmoor, Germany",26639,200,AmmerlandLand;AurichLand;BremenBundesland
Dipl.-Ing. EDUARD JORDAN Haustechnik GmbH,"18211 Bargeshagen, Germany",18211,200,
Dipl.-Ing. Frank Günther e.K.,"21337 Lüneburg, Germany",21337,200,BraunschweigStadt;BremenBundesland
Dipl.-Ing.(FH) Karl Mayer GmbH,"54634 Bitburg, Germany",54634,200,AhrweilerLand;AltenkirchenWesterwald;Alzey_WormsLand;BadDuerkheimLand;Bernkastel_WittlichLand
Dirk Schmitz Heizungsbau & Sanitär,"53474 Bad Neuenahr-Ahrweiler, Germany",53474,200,AhrweilerLand;AltenkirchenWesterwald;Alzey_WormsLand;BadDuerkheimLand;Bernkastel_WittlichLand
Distelmaier GmbH,"22761 Hamburg, Germany",22761,200,AmmerlandLand;BremenBundesland
Dr. Stadtbäumer Baugrunduntersuchung GmbH,"85609 Aschheim b. München, Germany",85609,200,Aichach_FriedbergLand;Alb_Donau_Land;AltoettingLand;Amberg;Ansbach
DUDDA Energiesysteme Gmbh,"18258 Schwaan, Germany",18258,200,
Dührkopp Haustechnik GmbH Co. KG,"14712 Rathenow, Germany",14712,200,AltmarkSalzwedelLand;Anhalt_BitterfeldLand;BarnimLand;BrandenburganderHavel;BraunschweigStadt
Ebert - Bau GmbH Neubau - Umbau - Sanierung,"17033 Neubrandenburg, Germany",17033,200,BarnimLand;BrandenburganderHavel
Eichenauer Kälte- und Klimatechnik GmbH & Co. KG,"36367 Wartenberg - Angersbach, Germany",36367,200,AhrweilerLand;AltenkirchenWesterwald;Alzey_WormsLand;Aschaffenburg;BadKissingenLand
EISEN FISCHER GmbH,"86720 Nördlingen, Germany",86720,200,Aichach_FriedbergLand;Alb_Donau_Land;Amberg;Ansbach;Augsburg
ELBRA Elektrotechnik Bratschke GmbH,"42551 Velbert, Germany",42551,200,AltenkirchenWesterwald;Bernkastel_WittlichLand;BielefeldStadt;BochumStadt;BonnStadt
Elektro Fischer GmbH,"94152 Neuhaus – Reding, Germany",94152,200,AltoettingLand;BadToelz_Wolfratshausen;BerchtesgadenerLandLand;BergstraßeLand
Elektro Guggenmos GmbH & Co. KG,"87742 Dirlewang, Germany",87742,200,Aichach_FriedbergLand;Alb_Donau_Land;AltoettingLand;Augsburg;BadToelz_Wolfratshausen
Elektro Halbach Heinz Halbach GmbH & Co. KG,"42369 Wuppertal, Germany",42369,200,Bernkastel_WittlichLand;BielefeldStadt;BochumStadt;BonnStadt;Borken
Elektro Haupenthal,"55776 Rohrbach, Germany",55776,200,AhrweilerLand;AltenkirchenWesterwald;Alzey_WormsLand;Aschaffenburg;BadDuerkheimLand
Elektro Jost GmbH,"45289 Essen-Burgaltendorf, Germany",45289,200,AltenkirchenWesterwald;BielefeldStadt;BochumStadt;BonnStadt;Borken
Elektro Lübke KG,"24103 Kiel, Germany",24103,200,
ELEKTRO Luckow & Söhne GmbH,"40721 Hilden, Germany",40721,200,AltenkirchenWesterwald;Bernkastel_WittlichLand;BielefeldStadt;BochumStadt;BonnStadt
Elektro Riedel Inh. Frank Riedel,"30916 Isernhagen, Germany",30916,200,AltmarkSalzwedelLand;AmmerlandLand;BielefeldStadt;BraunschweigStadt;BremenBundesland
Elektro Roßwein GmbH,"04741 Roßwein, Germany",4741,200,AltenburgerLandLand;AltmarkSalzwedelLand;Anhalt_BitterfeldLand;BautzenLand
ELEKTRO SCHNICKMANN GmbH,"51789 Lindlar-Hartegasse, Germany",51789,200,
Elektro Zech GmbH,"87666 Pforzen, Germany",87666,200,
Elektro-Beck,"73466 Lauchheim, Germany",73466,200,
Elektro-Brezing,"72224 Ebhausen, Germany",72224,200,
Elektro-Horst GmbH,"06667 Tagewerben, Germany",6667,200,
Elektrotechnik Schenkendorf GmbH,"42897 Remscheid, Germany",42897,200,
Elmar Schmid GmbH,"87488 Betzigau, Germany",87488,200,
Engelmann Installation,"39576 Stendal - OT Groß Schwechten, Germany",39576,200,
ENGIE Refrigeration GmbH,"88131 Lindau, Germany",88131,200,
Enneper und Schmermbeck KG,"58511 Lüdenscheid, Germany",58511,200,
Enspa-Energiesparsysteme,"63683 Ortenberg, Germany",63683,200,
EnTech GmbH,"77815 Buhl, Germany",77815,200,
EPROPLAN GmbH Beratende Ingenieure,"70597 Stuttgart, Germany",70597,200,
Erhard Müller GmbH,"37181 Hardegsen, Germany",37181,200,
Erich Kuhn GmbH,"22179 Hamburg, Germany",22179,200,
Ernst Schenk & Sohn GmbH Heizung und Sanitär,"47057 Duisburg, Germany",47057,200,
Erwin Merk GmbH,"89264 Weißenhorn, Germany",89264,200,
ETG Wiedholz Elektrotechnischer Fachgroßhandel,"86462 Langweid/Lech, Germany",86462,200,
Eugen Bosch GmbH & Co. KG,"50823 Cologne, Germany",50823,200,
Ewald Büttner GmbH,"63856 Bessenbach, Germany",63856,200,
F.Grassmugg Kälte-Klima-Technik,"71679 Asperg, Germany",71679,200,
F.O. Henneberg GmbH,"20354 Hamburg, Germany",20354,200,
Faust GmbH,"56070 Koblenz, Germany",56070,200,
Fedder GmbH,"41462 Neuss, Germany",41462,200,
Fiedler Service GmbH,"13509 Berlin, Germany",13509,200,
Fiehl & Kersken GmbH,"50389 Wesseling, Germany",50389,200,
Firma Kölling GmbH,"01561 Ebersbach OT Bieberach, Germany",1561,200,
Fischer Elektrotechnik GmbH,"89584 Ehingen-Dächingen, Germany",89584,200,
Fischer GbR Bad & Heiztechnik,"59069 Hamm, Germany",59069,200,
FMH Bau-Meister GmbH & Co KG,"52070 Aachen, Germany",52070,200,
Francois Fiedler GmbH,"14089 Berlin-Kladow, Germany",14089,200,
Frank Widdel Haustechnik,"59063 Hamm, Germany",59063,200,
Franz Lanzinger GmbH,"86931 Prittriching, Germany",86931,200,
FRIELING FRITZ GmbH,"49393 Lohne (Oldenburg), Germany",49393,200,
Fritsch GmbH Heizungen und Bäder,"76437 Rastatt, Germany",76437,200,
Fritz Laxganger GmbH,"83119 Obing, Germany",83119,200,
Fuchs Heizung + Haustechnik GmbH,"53840 Troisdorf, Germany",53840,200,
Fuhrer Kälte & Klimatechnik,"72108 Rottenburg-Oberndorf, Germany",72108,200,
G.U.T. Gebäude- und Umwelttechnik GmbH,"26180 Rastede, Germany",26180,200,
Gabriel GmbH Heizung Sonne Bad,"88371 Boos, Germany",88371,200,
Garbe Elektro- und Solartechnik GmbH,"47589 Uedem, Germany",47589,200,
Gellert & Meitzner GmbH,"03172 Schenkendöbern, Germany",3172,200,
Gemeinhardt AG,"95145 Oberkotzau, Germany",95145,200,
genotec GmbH und Co. KG,"52538 Gangelt, Germany",52538,200,
GeoClimaDesign AG,"15517 Fürstenwalde / Spree, Germany",15517,200,
Georg Bergsteiner GmbH,"85077 Manching-Oberstimm, Germany",85077,200,
GeoSolar Energietechnik GmbH,"15370 Fredersdorf, Germany",15370,200,
Gerd Albert GmbH,"66115 Saarbrücken, Germany",66115,200,
GIB Gewerbe-und Industriebau GmbH,"04720 Döbeln, Germany",4720,200,
Graf GmbH,"86381 Krumbach/Niederraunau, Germany",86381,200,
Graf Haustechnik GmbH,"92421 Schwandorf, Germany",92421,200,
Grube's Zentralheizungsbau- und Haustechnik Dipl.-Ing. Alexander Ebel GmbH,"22145 Hamburg, Germany",22145,200,
Günter Weller GmbH,"74369 Löchgau, Germany",74369,200,
Günther GmbH Heizung Sanitär Bauklempnerei,"45139 Essen, Germany",45139,200,
Guske Elektro GmbH & Co. KG,"39606 Flessau, Germany",39606,200,
GYRO BAUTECHNIK GmbH,"45356 Essen, Germany",45356,200,
h e i n e n GmbH,"50825 Cologne, Germany",50825,200,
H. Jürgens KG,"26629 Großefehn, Germany",26629,200,
H. Reuter GmbH,"45127 Essen, Germany",45127,200,
H. Timm GmbH,"31515 Wunstorf, Germany",31515,200,
H.-D. Ruß GmbH Energietechnik,"65201 Wiesbaden, Germany",65201,150,
Haas + Mandau GmbH,"79541 Lörrach, Germany",79541,150,
Haberland Heizung-Sanitär GmbH,"09390 Gornsdorf, Germany",9390,150,
Hafner-Muschler Kälte- und Klimatechnik GmbH & Co KG,"72336 Balingen, Germany",72336,150,
Handelshof Bautzen GmbH,"02625 Bautzen, Germany",2625,150,
Handrick & Schumann GmbH,"09337 Callenberg, Germany",9337,150,
"HANS BÖHM Sanitär-, Solar- und Heizungstechnik","42657 Solingen, Germany",42657,150,
Hans Meirandres GmbH,"83022 Rosenheim, Germany",83022,150,
Hans Schramm GmbH & Co. KG,"80337 Munich, Germany",80337,150,
Hans und Fred Brandstetter,"72622 Nürtingen, Germany",72622,150,
Hans Zacher GmbH - Zacher Welten,"55543 Bad Kreuznach, Germany",55543,150,
Hans-Peter Stritt,"78628 Rottweil, Germany",78628,150,
Harald Schütz Heizungsbau & Sanitär GmbH,"97355 Kleinlangheim, Germany",97355,150,
Harry Schieck GmbH,"09130 Chemnitz, Germany",9130,150,
Haubrich GmbH,"46045 Oberhausen, Germany",46045,150,
Hausmann GmbH,"26689 Apen, Germany",26689,150,
Hausmann Haustechnik GmbH & Co. KG,"91154 Roth, Germany",91154,150,
Haustechnik Hart GmbH & CO. KG,"97222 Rimpar, Germany",97222,150,
Haustechnik Kröber,"56244 Schenkelberg, Germany",56244,150,
Haustechnik Neuroth GmbH,"58730 Fröndenberg-Dellwig, Germany",58730,150,
Haustechnik Scherer GmbH,"66128 Saarbrücken, Germany",66128,150,
Haustechnik Team GmbH,"01324 Dresden, Germany",1324,150,
Haustechnik Thallwitz GmbH,"04808 Thallwitz, Germany",4808,150,
Haustechnik Voßwinkel GmbH,"51515 Kürten, Germany",51515,150,
Haustechnik-Feldmann,"31812 Bad Pyrmont, Germany",31812,150,
Heimö L. Möbius & Co. GmbH,"06886 Wittenberg, Germany",6886,150,
Heine GmbH & Co. KG - Heizung - Sanitär - Klima,"32278 Kirchlengern, Germany",32278,150,
Heinz Burkhardt GmbH & Co. KG,"75389 Neuweiler, Germany",75389,150,
Heinz Zoch GmbH,"27751 Delmenhorst, Germany",27751,150,
Heinz-Jürgen Schröter GmbH,"01796 Pirna, Germany",1796,150,
Heizen for You VOGEL GmbH - HEIZUNGEN + BÄDER,"99438 Bad Berka, Germany",99438,150,
Heiztechnik Mengel,"64401 Groß-Bieberau, Germany",64401,150,
Heizung & Sanitär Achim Hambücken,"50859 Köln Lövenich, Germany",50859,150,
Heizung Notdienst Berlin,"12161 Berlin, Germany",12161,150,
Heizung-Sanitär-Lüftung GmbH,"45884 Gelsenkirchen, Germany",45884,150,
Hengmith Kälte- Klima- Technik GmbH,"73095 Albershausen, Germany",73095,150,
HERCO Kühltechnik Hermanns u. Co. GmbH,"46485 Wesel, Germany",46485,150,
HERKT GmbH HEIZUNG SANITAER,"03042 Cottbus, Germany",3042,150,
Hermann Schmitt GmbH,"66679 Losheim-Rimlingen, Germany",66679,150,
"Hermann-Josef Cleve, Sanitär- und Heizungstechnik e.K. - Inh. Michael Cleve","41462 Neuss, Germany",41462,150,
Hess Kälte & Klimatechnik GmbH,"83098 Brannenburg, Germany",83098,150,
Hesse Bad+Heizung GmbH & Co. KG,"58239 Schwerte, Germany",58239,150,
Hesselbach GmbH,"42853 Remscheid, Germany",42853,150,
HIDROS Deutschland,"53359 Rheinbach, Germany",53359,150,
Höber GmbH,"94034 Passau, Germany",94034,150,
Höfer GmbH,"56170 Bendorf, Germany",56170,150,
Höffken GmbH,"47057 Duisburg-Neudorf, Germany",47057,150,
Holz und Sonne - GmbH,"76855 Annweiler, Germany",76855,150,
Hopff e.K. Bäder - Sanitär - Heizungsanlagen,"46047 Oberhausen, Germany",46047,150,
Horst Hüller GmbH,"38446 Wolfsburg, Germany",38446,150,
HRV Kälte-Klima GmbH Kälte - Klima - Lüftungsbau,"52068 Aachen, Germany",52068,150,
HSB Seefeldt GmbH,"47877 Willich, Germany",47877,150,
HSF Künzel GmbH,"04509 Delitzsch, Germany",4509,150,
Hübner GmbH Gebäudetechnik,"74743 Seckach, Germany",74743,150,
Huhn Haustechnik GmbH,"61348 Bad Homburg, Germany",61348,150,
Hunke GmbH - Heizung - Sanitär,"59427 Unna, Germany",59427,150,
Hüttenbrauck Kälte-Klimatechnik GmbH,"56077 Koblenz, Germany",56077,150,
hydro-fact Matthias Maaßen,"52525 Heinsberg, Germany",52525,150,
Hydrodrill Bohrgesellschaft GbR,"89362 Offingen, Germany",89362,150,
Igor Berezin Meisterbetrieb,"58644 Iserlohn, Germany",58644,150,
Ing. D. Raubald GmbH,"38855 Wernigerode, Germany",38855,150,
Ing. Fritz Bissert GmbH & Co. KG,"65719 Hofheim, Germany",65719,150,
Innovative Bausysteme GmbH,"09669 Frankenberg, Germany",9669,150,
ISH Innovative Sanitär- & Heizungstechnik,"19386 Lübz, Germany",19386,150,
ITE Industrievertretung Torsten Enders,"09496 Pobershau, Germany",9496,150,
Jakob Drehwald GmbH,"55116 Mainz, Germany",55116,150,
Jan Labanc,"54310 Ralingen, Germany",54310,150,
JANSSEN CARL HEINZ GmbH,"31061 Alfeld (Leine), Germany",31061,150,
Johann Nendel Sanitär- und Heizungstechnik GmbH,"91056 Erlangen, Germany",91056,150,
Johann Schwaiger GmbH,"83471 Berchtesgaden, Germany",83471,150,
Johs. Lenz GmbH,"22113 Oststeinbek, Germany",22113,150,
Jordan & Kremer GmbH,"60316 Frankfurt am Main, Germany",60316,150,
Julius Gaiser GmbH & Co. KG,"89077 Ulm, Germany",89077,150,
JUNG GmbH Sanitär & Heizungstechnik,"44797 Bochum, Germany",44797,150,
Jura-Kälte GmbH,"91180 Heideck, Germany",91180,150,
Jürgen Heitger Ing. GmbH,"22419 Hamburg, Germany",22419,150,
Jurisch Haustechnik GmbH,"01917 Kamenz/ OT Deutschbaselitz, Germany",1917,150,
JW Haustechnik GmbH,"65760 Eschborn, Germany",65760,150,
K +K Kälte-Klimatechnik,"68723 Oftersheim, Germany",68723,150,
Kälte Schübl GmbH,"93057 Regensburg, Germany",93057,150,
Kälte- und Klimatechnik Hoefer - Inh. Lutz Thurmann,"29303 Bergen, Germany",29303,150,
Kälte-Bast GmbH,"22525 Hamburg, Germany",22525,150,
Kältetechnik Radeck & Jacobsen GmbH,"14513 Teltow, Germany",14513,150,
Karl Göpfert GmbH,"83512 Wasserburg, Germany",83512,150,
KEGA Kälte & Klima GmbH,"06313 Wimmelburg, Germany",6313,150,Dessau_RosslauStadt;BurgenlandLand
Kettner GmbH,"71083 Herrenberg, Germany",71083,150,Rhein_Neckar_Land;TuebingenLand
KEUL Fußbodenheizung Estrich-Fußbodenheizung-Baustoffhandel,"56132 Kemmenau, Germany",56132,150,FrankfurtOderStadt
Kinsky Dipl.-Ing. Alexander Henn eK,"58285 Gevelsberg, Germany",58285,150,WittenbergLand;Coesfeld;HammStadt;Euskirchen;Mettmann
KKM Haustechnik GmbH,"50823 Cologne, Germany",50823,150,HerneStadt;GelsenkirchenStadt;GrafschaftBentheimLand;Rhein_Neuss
KKT Kratochwil GmbH,"99974 Mühlhausen/Thüringen, Germany",99974,150,FuldaLand
Klima Jentzsch GmbH,"01623 Leuben-Schleinitz, Germany",1623,150,MeißenLand;MittelsachsenLand;GreizLand
"KLU Klima-, Luft- und Umwelttechnik Duisburg GmbH","47167 Duisburg, Germany",47167,150,Oberbergischer;BochumStadt;EmslandLand
KNIXA industrie + haustechnik GmbH,"92318 Neumarkt, Germany",92318,150,VerdenLand;Bayreuth;Ingolstadt;Main_SpessartLand;Wunsiedeli.Fichtelgebirge
Knothe Sanitär _ Heizung - Elektro GmbH,"44263 Dortmund, Germany",44263,150,MoenchengladbachStadt;Unna
KOESTER HEINRICH GmbH CO KG,"38100 Braunschweig, Germany",38100,150,Hameln_PyrmontLand
Kopp GmbH HLS-Technik,"94258 Frauenau, Germany",94258,150,DeggendorfLand;Straubing
Kopp Haustechnik GmbH,"34225 Baunatal, Germany",34225,150,HolzmindenLand;Hersfeld_RotenburgLand;Unna;Goettingen;Guetersloh
Kraft GmbH,"34125 Kassel, Germany",34125,150,Werra_Meißner_Land;Goettingen;GoslarLand
Krämer Erdwärme GmbH,"76706 Dettenheim-Rußheim, Germany",76706,150,FrankfurtOderStadt;LudwigshafenamRheinStadt;KarlsruheStadtStadt;SpeyerStadt;KaiserslauternStadt
Krause Schwimmbad-Technik,"21714 Hammah, Germany",21714,150,NeumuensterStadt;CuxhavenLand
KS Anlagentechnik GmbH,"03222 Lübbenau /Spreewald, Germany",3222,150,Potsdam_MittelmarkLand;Maerkisch_OderlandLand
"KS Kälte-, Klima- und Lüftungstechnik GmbH","55543 Bad Kreuznach, Germany",55543,150,SuedwestpfalzLand;MainzStadt;Rheingau_Taunus_Land;Limburg_WeilburgLand;Trier_SaarburgLand
Kühhorn GmbH,"90613 Großhabersdorf, Germany",90613,150,BambergLandLand;Main_Tauber_Land;Amberg_SulzbachLand;Erlangen_HoechstadtLand;RegensburgLandLand
Kunkel GmbH,"44359 Dortmund, Germany",44359,150,Euskirchen;DuesseldorfStadt;Hochsauerland;Coesfeld
Kupka GmbH,"44579 Castrop-Rauxel, Germany",44579,150,KrefeldStadt;Coesfeld;Borken;Rhein_Neuss;Unna
Kurt Höfflin Kälte- Klimatechnik,"79268 Bötzingen, Germany",79268,150,SigmaringenLand;RastattLand;EnzLand;EmmendingenLand
Kurtz Versorgungstechnik GmbH,"83543 Rott am Inn, Germany",83543,150,SaaleLand;EichstaettLand;Rheinisch_Bergischer
Lars Stoll GmbH Technischer Gebäudeservice,"20459 Hamburg, Germany",20459,150,Steinburg;Ludwigslust_Parchim;Ploen;Nordfriesland;KielLandeshauptstadt
Lenz GmbH,"53639 Königswinter, Germany",53639,150,Mayen_KoblenzLand;AltenkirchenWesterwald;Hochsauerland;Rhein_Lahn_Land;Limburg_WeilburgLand
Leo Beckmann GmbH,"48341 Münster-Altenberge, Germany",48341,150,DortmundStadt;Maerkischer;WittenbergLand;SolingenStadt;GelsenkirchenStadt
LET Löwer & Co. GmbH,"34277 Fuldabrück-Dörnhagen, Germany",34277,150,ErfurtStadt;Guetersloh;Goettingen;Soest;BielefeldStadt
"Leuendorff Gebäudetechnik, Energie- und Mineralölhandel GmbH","13125 Berlin, Germany",13125,150,Teltow_FlaemingLand;Elbe_ElsterLand
Liekam Haustechnik GmbH,"49076 Osnabrück, Germany",49076,150,Paderborn;BochumStadt;Minden_Luebbecke;CloppenburgLand;EssenStadt
Lindemann Haustechnik GmbH & Co. KG,"44879 Bochum-Linden, Germany",44879,150,Ennepe_Ruhr_;Mettmann
Lorenz Heizung - Lüftung - Klima GmbH,"61209 Echzell / Gettenau, Germany",61209,150,FrankfurtOderStadt;Main_Kinzig_Land;NeuwiedLand
Löser + Anspach GmbH,"56070 Koblenz, Germany",56070,150,KoblenzStadt;Olpe;DuesseldorfStadt;OffenbachamMainStadt
Lothar Dörr e.K.,"55120 Mainz, Germany",55120,150,Alzey_WormsLand;VulkaneifelLand;Rheingau_Taunus_Land;MiltenbergLand;LudwigshafenamRheinStadt
Lothar Stefke Kälte und Klimatechnik,"74252 Massenbachhausen, Germany",74252,150,Rhein_Pfalz_Land;Darmstadt_DieburgLand;KarlsruheStadtStadt;AschaffenburgLand;HeilbronnStadtStadt
Lotter Metall GmbH + Co.KG,"04552 Borna / OT Zedtlitz, Germany",4552,150,GreizLand;Unstrut_Hainich_Land;MittelsachsenLand
Lüftungs Heizungs Sanitär Anlagenbau GmbH,"06779 Raguhn, Germany",6779,150,Oder_SpreeLand;BrandenburganderHavel
Lutz Elektro u. Sanitär GmbH,"38239 Salzgitter, Germany",38239,150,BoerdeLand;Mansfeld_SuedharzLand;StendalLand;WolfenbuettelLand
Maier & Sohn GmbH & Co. KG,"86381 Krumbach, Germany",86381,150,SigmaringenLand;StuttgartLandeshauptstadt;EsslingenLand;ReutlingenLand;EichstaettLand
MAMMUT Kühlanlagen GmbH,"57250 Netphen, Germany",57250,150,AhrweilerLand;Oberbergischer;WittenbergLand;Cochem_ZellLand;Limburg_WeilburgLand
Manfred Graf GmbH,"76185 Karlsruhe, Germany",76185,150,KaiserslauternLand;OrtenauLand;Rhein_Neckar_Land;RastattLand;Main_Taunus_Land
Manfred Mayer Bauspenglerei Sanitär Heizung,"89192 Rammingen, Germany",89192,150,PforzheimStadtStadt;BadToelz_Wolfratshausen;ReutlingenLand;HeidenheimLand;LindauBodenseeLand
Marc Schmitz GmbH,"50933 Cologne, Germany",50933,150,HerneStadt;Soest;Heinsberg;HammStadt;KoblenzStadt
Marcel Winkel poolshop123,"23566 Lübeck, Germany",23566,150,NeumuensterStadt;Rostock
MARIO SCHÖPE - Der Bad-Profi,"76228 Karlsruhe, Germany",76228,150,HeidelbergStadtStadt;BodenseeLand;BoeblingenLand;SuedlicheWeinstraßeLand;OdenwaldLand
Mark Ellendt,"27299 Langwedel, Germany",27299,150,CloppenburgLand;Pinneberg;PeineLand
Markus Schwich GmbH,"21357 Bardowick, Germany",21357,150,Soltau_FallingbostelLand
Marx GmbH,"79541 Lörrach-Brombach, Germany",79541,150,TuttlingenLand;LoerrachLand
Mayer Bauelemente GmbH,"69242 Mühlhausen, Germany",69242,150,BirkenfeldLand;Main_SpessartLand;HeilbronnStadtStadt;LandauinderPfalzStadt;Rhein_Hunsrueck_Land
MB Gebäudetechnik GmbH,"71332 Waiblingen, Germany",71332,150,Ansbach;MiltenbergLand;BoeblingenLand
Meisterbetrieb Heinz & Carmen Unterberg GbR,"47228 Duisburg, Germany",47228,150,HagenStadt;GelsenkirchenStadt;KrefeldStadt;MoenchengladbachStadt
Meisterbetrieb Jochen Buck,"72584 Hülben, Germany",72584,150,CalwLand;Alb_Donau_Land
Meisterbetrieb Simon Seeler,"87662 Markt Kaltental/Blonhofen, Germany",87662,150,Kaufbeuren;Augsburg
Metzler GmbH & Co KG,"63619 Bad Orb, Germany",63619,150,Aschaffenburg;Mainz_BingenLand;OffenbachLand
Meyer & Kohlmann GmbH & Co. KG Kälte- und Klimatechnik Remscheid,"42897 Remscheid, Germany",42897,150,Paderborn;KrefeldStadt;LeverkusenStadt;Guetersloh;Hochsauerland
Michael Schuba Klimatechnik,"47877 Willich, Germany",47877,150,HerneStadt;Maerkischer;EssenStadt;Mettmann;MuensterStadt
"Michael Türk Sanitär, Heiz- und Umwelttechnik GmbH","31157 Sarstedt, Germany",31157,150,BremenBundesland;HolzmindenLand;Schwalm_Eder_Land;SalzgitterStadt;Luechow_DannenbergLand
MODULTEQ GmbH & Co. KG,"13156 Berlin, Germany",13156,150,Teltow_FlaemingLand;PotsdamStadt;PrignitzLand
Möhring Versorgungstechnik GmbH & Möhring Gebäudemanagement GmbH,"27572 Bremerhaven, Germany",27572,150,WittmundLand
Molderings Haustechnik GmbH,"47647 Kerken-Aldekerk, Germany",47647,150,Ennepe_Ruhr_;Viersen;HammStadt;KoelnStadt;Recklinghausen
MT-Trading oHG,"21077 Hamburg, Germany",21077,150,OldenburgOldenburgStadt;Segeberg;HerzogtumLauenburg;HamburgBundesland
MÜHLING-MONTAGEN GmbH,"63920 Großheubach, Germany",63920,150,Main_SpessartLand;SchwaebischHallLand;Main_Taunus_Land;FrankfurtOderStadt
Nadler Klimatechnik AG,"70734 Fellbach, Germany",70734,150,AnsbachLandLand;EsslingenLand;GuenzburgLand;NeustadtanderWeinstraße;CalwLand
NaturEnergieLaden GmbH & Co KG,"38350 Helmstedt, Germany",38350,150,BoerdeLand;NortheimLand;WolfsburgStadt;Luechow_DannenbergLand
NHW Energieservice GmbH,"21465 Reinbek, Germany",21465,150,NeumuensterStadt;GifhornLand;DelmenhorstStadt
Nicoara Wärme-Kälte-Klimatechnik Dipl. Ing. (FH) Lucian Nicoara,"72070 Tübingen, Germany",72070,150,UlmUniversitaetsstadtStadt;BoeblingenLand;SigmaringenLand
Nowak GmbH,"51429 Bergisch Gladbach, Germany",51429,150,Hochsauerland;SolingenStadt;BonnStadt;DortmundStadt;WittenbergLand
OET Kälte & Wärme GmbH,"48607 Ochtrup, Germany",48607,150,LeverkusenStadt;Herford;MuelheimanderRuhrStadt;OsnabrueckStadt;Soest
OTTO HERMANN GmbH,"82008 Unterhaching, Germany",82008,150,OberallgaeuLand;Saale_Holzland_Land;MiesbachLand;Weilheim_SchongauLand;Landshut
"ÖwA - Öl- und Gasfeuerungen, Wärmetechnische Anlagen GmbH","45468 Mülheim, Germany",45468,150,Wesel;BonnStadt;DortmundStadt;HerneStadt
Pasberg & Neitzke GmbH,"31135 Hildesheim, Germany",31135,150,SchaumburgLand;Paderborn;GoslarLand;Herford;HelmstedtLand
Paul Heller GmbH & Co. KG,"33739 Bielefeld, Germany",33739,150,HildesheimLand;CelleLand;Hoexter;Kasseldocumenta_Stadt;MuensterStadt
Paul Trechten GmbH,"23758 Oldenburg in Holstein, Germany",23758,150,SchwerinLandeshauptstadt
PEKER Sanitär-Heizung-Solar,"68229 Mannheim, Germany",68229,150,AschaffenburgLand;BoeblingenLand;Darmstadt_DieburgLand;HeilbronnStadtStadt;Dingolfing_LandauLand
Pelzl Heizungsbau GmbH,"87600 Kaufbeuren, Germany",87600,150,UlmUniversitaetsstadtStadt;BadToelz_Wolfratshausen;Augsburg;Memmingen;EbersbergLand
Peter Berboth GmbH,"51063 Cologne, Germany",51063,150,BottropStadt;Rhein_Erft_;StaedteregionAachen;KoblenzStadt;Cochem_ZellLand
Peter Handrick GmbH,"09337 Callenberg/OT Falken, Germany",9337,150,GreizLand;WeimarerLandLand;ZwickauLand;ErzgebirgsLand
Peter Karl GmbH,"90579 Langenzenn, Germany",90579,150,Weißenburg_Gunzenhausen;KronachLand;KitzingenLand;Main_SpessartLand;HohenloheLand
Pfütze GmbH,"77933 Lahr, Germany",77933,150,HeidelbergStadtStadt;KarlsruheLandLand;EmmendingenLand;RottweilLand
Pingen Sanitär GmbH,"65843 Sulzbach, Germany",65843,150,Mainz_BingenLand;WetterauLand;NeustadtanderWeinstraße;Siegen_Wittgenstein;Waldeck_FrankenbergLand
PLA Pumpen- und Anlagenbau GmbH,"24568 Kaltenkirchen, Germany",24568,150,Ploen;BremenBundesland;RotenburgWuemmeLand
PMW Pumpen- und Maschinentechnik GmbH,"34576 Homberg-Berge, Germany",34576,150,NordhausenLand;KasselLand;NortheimLand
Poolservice-Salm,"55471 Biebern, Germany",55471,150,Bernkastel_WittlichLand;PirmasensStadt;Limburg_WeilburgLand;SpeyerStadt;NeuwiedLand
"Pries Heiztechnik, Inhaber: Anton Pries","90522 Oberasbach, Germany",90522,150,RothLand;Bayreuth;Bamberg;SaaleLand
PRIMATHERM® - Systemtechnik GmbH,"88480 Ulm, Germany",88480,150,Aichach_FriedbergLand;RottweilLand;GuenzburgLand;UlmUniversitaetsstadtStadt
Putzmeister Holding GmbH,"72631 Aichtal, Germany",72631,150,LandauinderPfalzStadt;StuttgartLandeshauptstadt;CalwLand;GoeppingenLand;SchwaebischHallLand
Räder & Fries GmbH,"67550 Worms-Abenheim, Germany",67550,150,Alzey_WormsLand;FrankenthalPfalzStadt;Dillingena.d.DonauLand;AschaffenburgLand;OffenbachamMainStadt
"Randecker GmbH, Sanitär- und Heizungsbau","72581 Dettingen an der Erms, Germany",72581,150,LandauinderPfalzStadt;Rems_Murr_Land;GoeppingenLand
Reichstädter Heizungsbau GmbH,"01744 Dippoldiswalde OT Reichstädt, Germany",1744,150,
Reimann Innovation und Umwelt,"03051 Cottbus, Germany",3051,150,
Reinhold Wenz & Söhne GmbH,"65329 Hohenstein - Breithardt, Germany",65329,150,Rheingau_Taunus_Land;OffenbachamMainStadt;AschaffenburgLand;Dingolfing_LandauLand
Remmetz Sanitär · Heizungstechnik,"47803 Krefeld, Germany",47803,150,Borken;Maerkischer;RemscheidStadt;KrefeldStadt
renopan AG,"53619 Rheinbreitbach, Germany",53619,150,DortmundStadt;GrafschaftBentheimLand;BottropStadt;StaedteregionAachen;Viersen
RIES GmbH,"64569 Nauheim, Germany",64569,150,SuedlicheWeinstraßeLand;Marburg_BiedenkopfLand;Rheingau_Taunus_Land;Main_Tauber_Land;AltenkirchenWesterwald
Rische Kälte- und Klimatechnik GmbH,"56751 Polch, Germany",56751,150,Mettmann;Alzey_WormsLand;OffenbachLand;RemscheidStadt;DuesseldorfStadt
RK-COOL GmbH,"03042 Cottbus, Germany",3042,150,
RK-Haustechnik GmbH,"86343 Königsbrunn, Germany",86343,150,GuenzburgLand;LandshutLandLand;Schwabach;UnterallgaeuLand;StarnbergLand
Robert Frenzel Sanitärinstallations- und Heizungsbau GmbH,"27619 Schiffdorf-Spaden, Germany",27619,150,WittmundLand;StadeLand;AmmerlandLand;DiepholzLand
Roland Gageur Elektrotechnik GmbH,"22399 Hamburg, Germany",22399,150,StadeLand;KielLandeshauptstadt
Roland Hellmann GmbH,"42857 Remscheid, Germany",42857,150,Steinfurt;Euskirchen;LeverkusenStadt;Rhein_Erft_;Coesfeld
Rose Elektrotechnik GmbH,"17094 Burg Stargard, Germany",17094,150,
Roter Kältetechnik GmbH,"30855 Langenhagen, Germany",30855,150,Minden_Luebbecke;BraunschweigStadt;GifhornLand
ROTEX Heating Systems GmbH,"74363 Güglingen, Germany",74363,150,DonnersbergLand;BodenseeLand;BadKissingenLand;MannheimUniversitaetsstadt
ROTH INDUSTRIES GMBH & CO. KG,"35232 Dautphetal, Germany",35232,150,KoblenzStadt;Kasseldocumenta_Stadt;Darmstadt_DieburgLand;AschaffenburgLand;Main_Taunus_Land
Rothe Heizung Sanitär,"31848 Bad Münder am Deister, Germany",31848,150,UelzenLand;DiepholzLand;NienburgWeserLand;FrieslandLand;Goettingen
RS Sanitär- und Gasheizungsbau GmbH,"52146 Würselen, Germany",52146,150,Heinsberg;BonnStadt;GelsenkirchenStadt;KrefeldStadt;DortmundStadt
Rüdiger Beck Elektrotechnik,"71726 Benningen, Germany",71726,150,GoeppingenLand;WormsStadt;Neustadta.d.Waldnaab
Rühle + Wenger GmbH,"70186 Stuttgart (Gablenberg), Germany",70186,150,HeidelbergStadtStadt;GermersheimLand;Neustadta.d.Waldnaab;TuebingenLand;FreudenstadtLand
RUHSTRAT Haus- und Versorgungstechnik GmbH,"37079 Göttingen, Germany",37079,150,Ilm_Land;HolzmindenLand;Schmalkalden_Meiningen;HildesheimLand;Hoexter
Ruml & Feller GmbH,"86633 Neuburg an der Donau, Germany",86633,150,EichstaettLand;Amberg_SulzbachLand;Neu_UlmLand;AugsburgLandLand;KelheimLand
Sanitär- & Heizungstechnik Alfons Höke,"45527 Hattingen, Germany",45527,150,Coesfeld;Viersen;SolingenStadt;DuesseldorfStadt;BochumStadt
Sanitär-Heizung-Solartechnik Inh. Peer Schreiner,"59071 Hamm, Germany",59071,150,Waldeck_FrankenbergLand;MuelheimanderRuhrStadt;Kasseldocumenta_Stadt;SchaumburgLand;HagenStadt
Sanitärinstallation Hesse GmbH,"01277 Dresden, Germany",1277,150,ChemnitzStadt
Sanitärtechnik- Großhandel Reinwald Wagner GmbH,"09514 Lengefeld, Germany",9514,150,ErzgebirgsLand;AltenburgerLandLand
Schäffer Haustechnik GmbH,"86348 Kissing, Germany",86348,150,
Scharf GmbH & Co.KG,"64291 Darmstadt, Germany",64291,150,Aschaffenburg;WiesbadenLandeshauptstadt;DonnersbergLand;Dingolfing_LandauLand;WetterauLand
Scheffel GmbH & Co. KG,"71277 71277, Germany",71277,150,TuttlingenLand;Neu_UlmLand;Rhein_Neckar_Land;MannheimUniversitaetsstadt
Scheimann Haustechnik GmbH & Co.KG,"12247 Berlin, Germany",12247,150,Potsdam_MittelmarkLand
Schenk Sanitär- und Heizungstechnik GmbH,"13437 Berlin, Germany",13437,150,UckermarkLand
"Schlecht Flaschnerei, Sanitär, Heizung","88471 Laupheim, Germany",88471,150,LindauBodenseeLand;HarburgLand;Memmingen;CalwLand
Schlecht GmbH,"94234 Viechtach, Germany",94234,150,SchwandorfLand;VerdenLand
"Schmidt Heizung, Sanitär, Solar Freiberg GmbH","09599 Freiberg, Germany",9599,150,MeißenLand;MittelsachsenLand
Schmidt+Eger GmbH,"76227 Karlsruhe, Germany",76227,150,StuttgartLandeshauptstadt;ZollernalbLand;NeunkirchenLand;HeilbronnLandLand;BoeblingenLand
SCHÖNECKER Gebäudetechnik GmbH,"79110 Freiburg, Germany",79110,150,
Schwedisches Wärmepumpen Center,"03042 Cottbus, Germany",3042,150,Oberspreewald_LausitzLand;CottbusStadt;MeißenLand
Schwering GmbH,"46286 Dorsten-Rhade, Germany",46286,150,Heinsberg;BochumStadt;HagenStadt;OsnabrueckStadt;Ennepe_Ruhr_
Schwuchow Sanitär- und Heizungs GmbH,"12107 Berlin, Germany",12107,150,BerlinBundesland;Teltow_FlaemingLand;Elbe_ElsterLand;BurgenlandLand;MagdeburgLandeshauptstadt
seepex GmbH,"46240 Bottrop, Germany",46240,150,Coesfeld;AltenkirchenWesterwald;Mettmann;Ennepe_Ruhr_;KrefeldStadt
Selz & Cie GmbH,"69126 Heidelberg, Germany",69126,150,LudwigshafenamRheinStadt;FrankfurtamMainStadt;MannheimUniversitaetsstadt;AschaffenburgLand;Rhein_Neckar_Land
SH Siegerland -SHK Gebäudetechnik,"57258 Freudenberg, Germany",57258,150,OdenwaldLand;OberhausenStadt;WiesbadenLandeshauptstadt;MoenchengladbachStadt;Unna
SHK Brodde,"48431 Rheine, Germany",48431,150,BielefeldStadt;OsnabrueckStadt
Siebert Gebäudetechnik GmbH & Co. KG,"34376 Immenhausen, Germany",34376,150,GothaLand;Hameln_PyrmontLand;Unna;Herford
Siegmund & Schulze GmbH,"12524 Berlin, Germany",12524,150,Potsdam_MittelmarkLand;Oder_SpreeLand;CottbusStadt
Silbereis GmbH,"69226 Nußloch, Germany",69226,150,LudwigsburgLand;RastattLand;NeustadtanderWeinstraße;PirmasensStadt
SINA GmbH,"45239 Essen-Werden, Germany",45239,150,KoelnStadt;MoenchengladbachStadt;HammStadt;EmslandLand
Solartec Röder GmbH,"63607 Wächtersbach, Germany",63607,150,MiltenbergLand;Main_SpessartLand;Rhein_Hunsrueck_Land;HeidelbergStadtStadt;Aschaffenburg
Sparka Heizung-Sanitär-Klimatechnik,"46147 Oberhausen, Germany",46147,150,DortmundStadt;Olpe;OsnabrueckStadt;Rhein_Sieg_;EssenStadt
Speck Gebäudetechnik GmbH,"31311 Uetze, Germany",31311,150,Herford;LueneburgLand
Stenzel GmbH,"72760 Reutlingen, Germany",72760,150,ReutlingenLand;KarlsruheStadtStadt;Dingolfing_LandauLand
Stephan Simon MEISTER Heizungsbau & Sanitärtechnik,"63073 Offenbach am Main, Germany",63073,150,Siegen_Wittgenstein;KoblenzStadt
Stöckicht GmbH Inh. me. Gerald Schwalbach,"65201 Wiesbaden, Germany",65201,150,OffenbachamMainStadt;GrafschaftBentheimLand;Darmstadt;MainzStadt
Stoltenberg Energie GmbH,"24217 Schönberg, Germany",24217,150,Ploen;Pinneberg
Streicher GmbH - Heizung - Sanitär,"71720 Oberstenfeld, Germany",71720,150,GoeppingenLand;HaßbergeLand;SchwaebischHallLand;UlmUniversitaetsstadtStadt;Darmstadt_DieburgLand
Strobel GmbH,"72654 Neckartenzlingen, Germany",72654,150,LudwigsburgLand;BirkenfeldLand;HeilbronnStadtStadt;GoeppingenLand
STULZ GmbH,"22457 Hamburg, Germany",22457,150,Rendsburg_Eckernfoerde;FlensburgStadt
Süwag Energie AG,"65929 Frankfurt am Main, Germany",65929,150,Rheingau_Taunus_Land;Aschaffenburg;MiltenbergLand;WormsStadt;Mayen_KoblenzLand
Team Gruner,"32120 Hiddenhausen, Germany",32120,150,Unna;Hoexter;Steinfurt;VechtaLand;BielefeldStadt
TECHMASTER GmbH,"72379 Hechingen, Germany",72379,150,Breisgau_Hochschwarzwald;BirkenfeldLand;KarlsruheStadtStadt;BiberachLand;Neckar_Odenwald_
teraqsoltec solar,"12687 Berlin, Germany",12687,150,BarnimLand
tetec thermo-technik Müller GmbH & Co. KG,"85386 Eching, Germany",85386,150,OstallgaeuLand;Saale_Holzland_Land;Pfaffenhofena.d.IlmLand;HarburgLand;Weißenburg_Gunzenhausen
Teucher GmbH,"09456 Arnsfeld, Germany",9456,150,Hof
tga-service gmbh,"64372 Ober-Ramstadt, Germany",64372,150,PforzheimStadtStadt;SuedwestpfalzLand;OffenbachLand;Main_Tauber_Land;MannheimUniversitaetsstadt
Thomas Gerold GmbH,"83707 Bad Wiessee-Ringsee, Germany",83707,150,Weideni.d.OPf.;TraunsteinLand
Thorsten Kißler Heizung & Sanitär,"67133 Maxdorf, Germany",67133,150,Dingolfing_LandauLand;LudwigshafenamRheinStadt
Torsten Böres GmbH,"55606 Oberhausen, Germany",55606,150,Saarpfalz_Land;Merzig_WadernLand;AhrweilerLand;VulkaneifelLand;NeustadtanderWeinstraße
Torsten Kühl Gas- und Wasserinstallateurmeister,"01640 Coswig, Germany",1640,150,NordsachsenLand;Groß_GerauLand;SaechsischeSchweiz_Osterz;BautzenLand;DresdenStadt
Trane Klima- und Kältetechnisches Büro GmbH,"82152 Krailling, Germany",82152,150,LandsbergamLechLand;Muehldorfa.InnLand;RosenheimLandLand;Weilheim_SchongauLand
TRAUB GmbH & Co. Haustechnik KG,"82031 Grunwald, Germany",82031,150,Rosenheim;Muehldorfa.InnLand;SaaleLand;AugsburgLandLand;Ingolstadt
Ullmann Heizungsbau GmbH,"01844 Neustadt, OT Langburkersdorf, Germany",1844,150,MeißenLand
Upmeyer Haustechnik GmbH,"49525 Lengerich, Germany",49525,150,EssenStadt;Herford;Borken;Soest;RemscheidStadt
Uponor GmbH,"97437 Hassfurt, Germany",97437,150,Bayreuth;KitzingenLand;SonnebergLand
Uwe Felsmann GmbH,"64342 Seeheim, Germany",64342,150,RastattLand;WormsStadt;MiltenbergLand;AschaffenburgLand;KuselLand
Uwe Zimmer Heizung - Sanitär - Dachklempnerarbeiten,"15295 Brieskow-Finkenheerd, Germany",15295,150,BerlinBundesland;OberhavelLand
Versorgungstechnik BSK GmbH,"02625 Bautzen, Germany",2625,150,ChemnitzStadt
Volker Blunck GmbH - Heizung - Sanitär - Elektro,"24306 Bösdorf, Germany",24306,150,Dithmarschen;LueneburgLand
Volker Kosack - Installateur- & Heizungsbaumeister,"52080 Aachen, Germany",52080,150,WuppertalStadt;Maerkischer;EssenStadt;GrafschaftBentheimLand;DuisburgStadt
VWT Wärmetechnik GmbH,"55129 Mainz, Germany",55129,150,FrankfurtOderStadt;Limburg_WeilburgLand;AschaffenburgLand;Rhein_Pfalz_Land;RegionalverbandSaarbruecken
W. Förster GmbH,"99198 Erfurt-Büßleben, Germany",99198,150,Coburg;ErfurtStadt
W. Köthe GmbH,"30519 Hanover, Germany",30519,150,Minden_Luebbecke;PeineLand;BoerdeLand;Hameln_PyrmontLand;Luechow_DannenbergLand
Wagenhäuser GmbH,"97437 Haßfurt, Germany",97437,150,HaßbergeLand;Wunsiedeli.Fichtelgebirge;Erlangen_HoechstadtLand;Neumarkti.d.OPf.Land
Walter Falk GmbH,"73252 Lenningen, Germany",73252,150,Alb_Donau_Land;Main_Tauber_Land;EsslingenLand;PforzheimStadtStadt
Walter Fehring GmbH,"33014 Bad Driburg, Germany",33014,150,Warendorf;Lippe;OsnabrueckLand;RegionHannoverLand;Kasseldocumenta_Stadt
Walter Gräfenstein GmbH,"45473 Mülheim an der Ruhr, Germany",45473,150,LeverkusenStadt;SolingenStadt;Recklinghausen
Walter Langen KG,"54294 Trier, Germany",54294,150,Merzig_WadernLand;VulkaneifelLand;GrafschaftBentheimLand
Wärme mit System.de Ltd.,"36341 Lauterbach (Hessen), Germany",36341,150,EisenachStadt;Schmalkalden_Meiningen
Wärmetechnik Leickel GmbH,"44653 Herne, Germany",44653,150,Mettmann;RemscheidStadt;Unna
WätaS Wärmetauscher Sachsen GmbH,"09526 Olbernhau, Germany",9526,150,SaechsischeSchweiz_Osterz
"Weber GmbH, Elektro- und Solaranlagen","74078 Heilbronn-Kirchhausen, Germany",74078,150,HohenloheLand;KaiserslauternStadt;FreudenstadtLand;AhrweilerLand;Wuerzburg
Weisky & Co. GmbH,"83352 Altenmarkt, Germany",83352,150,MuenchenLandLand;TraunsteinLand
Wenzel & Herzog GmbH,"15890 Schlaubetal / OT Fünfeichen, Germany",15890,150,Oberspreewald_LausitzLand;Maerkisch_OderlandLand
Werner Peters GmbH,"46485 Wesel, Germany",46485,150,BonnStadt;BochumStadt;LeverkusenStadt;Heinsberg;Mettmann
Werner Wallraff GmbH & Co.KG,"48157 Munster, Germany",48157,150,BochumStadt;MuensterStadt;CloppenburgLand;DiepholzLand
Werrlein GmbH & Co.KG,"91443 Scheinfeld, Germany",91443,150,Schweinfurt;Neumarkti.d.OPf.Land;BayreuthLandLand;KulmbachLand
Wessel & Tyc Haustechnik GmbH,"28279 Bremen, Germany",28279,150,RotenburgWuemmeLand;HamburgBundesland;DiepholzLand
Weyher Haustechnik GmbH,"28844 Weyhe, Germany",28844,150,DiepholzLand;OsterholzLand;CuxhavenLand;AmmerlandLand;OldenburgOldenburgStadt
Willi Hammer GmbH - Sanitär Heizung Solar,"75181 Pforzheim-Eutingen, Germany",75181,150,LandauinderPfalzStadt;MannheimUniversitaetsstadt;GoeppingenLand;HeilbronnStadtStadt;Darmstadt_DieburgLand
Willig Gas - Wasser - Wärme,"64283 Darmstadt, Germany",64283,150,Neustadta.d.Waldnaab;DonnersbergLand;KarlsruheStadtStadt;Main_Tauber_Land;WetterauLand
WILO SE,"44263 Dortmund, Germany",44263,150,DuesseldorfStadt;Waldeck_FrankenbergLand;Soest;DuisburgStadt;MoenchengladbachStadt
Winfried Zahnen Gas- und Wasserinstallateurmeister,"54595 Watzerath, Germany",54595,150,SolingenStadt
Wittemann GmbH,"76297 Stutensee-Friedrichstal, Germany",76297,150,SuedwestpfalzLand;FrankenthalPfalzStadt;Main_Kinzig_Land;FreiburgimBreisgauStadt;MiltenbergLand
"Woermann & Söhne, sanitäre Anlagen und Heizung GmbH","14163 Berlin (Berlin-Zehlendorf), Germany",14163,150,AltmarkSalzwedelLand;Anhalt_BitterfeldLand;BarnimLand;BrandenburganderHavel;BurgenlandLand
Wolfgang Kozian Heizungsbau GmbH,"63128 Dietzenbach, Germany",63128,150,AhrweilerLand;AltenkirchenWesterwald;Alzey_WormsLand;Aschaffenburg;BadDuerkheimLand
Würth Elektrogroßhandel GmbH & Co. KG,"91522 Ansbach, Germany",91522,150,Aichach_FriedbergLand;Alb_Donau_Land;Amberg;Ansbach;AnsbachLandLand
Wust & Heck GmbH,"55471 Reich / Hunsrück, Germany",55471,150,AhrweilerLand;AltenkirchenWesterwald;Alzey_WormsLand;Aschaffenburg;BadDuerkheimLand
Zdoniak Elektrotechnik,"23936 Grevesmühlen, Germany",23936,150,Ostholstein
Zinnenlauf Service GmbH,"40472 Düsseldorf, Germany",40472,150,AltenkirchenWesterwald;BochumStadt;BonnStadt;Borken;BottropStadt
Zita Jacobs GmbH,"66740 Saarlouis, Germany",66740,150,Alzey_WormsLand;BadDuerkheimLand;Bernkastel_WittlichLand
ZLE Ehrlich GmbH,"76532 Baden-Baden, Germany",76532,150,Alzey_WormsLand;Baden_BadenStadtStadt;BirkenfeldLand;BoeblingenLand
ZOGEL GmbH,"38300 Wolfenbüttel, Germany",38300,150,AltmarkSalzwedelLand;BraunschweigStadt;BurgenlandLand
ZWS Zukunftsorientierte Wärme Systeme GmbH,"47506 Neukirchen-Vluyn, Germany",47506,150,AltenkirchenWesterwald;BochumStadt;BonnStadt;Borken;BottropStadt
ELITEC Elektrische Industrietechnik GmbH,"64653 Lorsch, Germany",64653,150,AhrweilerLand;Alzey_WormsLand;Aschaffenburg;BadDuerkheimLand;BirkenfeldLand
Kälte-Aktiv Team GmbH,"91154 Roth, Germany",91154,150,Aichach_FriedbergLand;Amberg;Ansbach;Augsburg;BadToelz_Wolfratshausen
Remko GmbH & Co. KG,"32791 Lage, Germany",32791,150,BielefeldStadt;BochumStadt
Carl Mettler Elektrogroßhandels-GmbH,"66117 Saarbrücken, Germany",66117,150,AhrweilerLand;Alzey_WormsLand;BadDuerkheimLand;Bernkastel_WittlichLand
H2 Umwelttechnik GbR,"52428 Jülich, Germany",52428,150,AltenkirchenWesterwald;BochumStadt;BonnStadt;Borken;BottropStadt
Nesseler + Esser GmbH & Co. KG,"50389 Wesseling, Germany",50389,150,AltenkirchenWesterwald;Bernkastel_WittlichLand;BochumStadt;BonnStadt;Borken
Neukälte Kälte- Klima- und Wärmepumpen GmbH,"66292 Riegelsberg, Germany",66292,150,Alzey_WormsLand;BadDuerkheimLand;Bernkastel_WittlichLand
Schalk GmbH secespol deutschland gmbh,"86500 Kutzenhausen, Germany",86500,150,Aichach_FriedbergLand;Alb_Donau_Land;Augsburg;BadToelz_Wolfratshausen;BergstraßeLand
Secespol Deutschland gmbh,"45141 Essen, Germany",45141,150,AltenkirchenWesterwald;BielefeldStadt;BochumStadt;BonnStadt;Borken
Maxhütte Technologie GmbH & Co. KG,"92237 Sulzbach-Rosenberg, Germany",92237,150,Amberg;Ansbach;Bamberg;Bayreuth
Viessmann Werke GmbH & Co. KG,"35108 Allendorf (Eder), Germany",35108,150,AltenkirchenWesterwald
